"Transfer TimeStamp","Transfer Date","Line Item Amount EUR","Acct. Label","Report Code","Event Period","District Office","Event Type","Expense Description","Expense Type","Travel Mode","Travel Dist"
29-Mar-16,29-Mar-16,47.58,E7026,CP604,Nov-2015,G0,Other,web- www.toastamsters.dk -,Other,,
16-Mar-16,16-Mar-16,118.84,E7060,TR963,Feb-2016,ITM,DECM,Airfare Bucharest - Budapest - Bucharest,Travel,Air,837 km
29-Jun-16,29-Jun-16,40.00,E7058,TR963,May-2016,K2,DECM,venue -hotel,Venue rental,,
29-Jun-16,29-Jun-16,205.92,E7060,TR963,May-2016,K2,DECM,flight tickets Vantaa-Budapest,Travel,Air,"2,127 km"
29-Jun-16,29-Jun-16,60.18,E7062,TR963,May-2016,K2,DECM,Tampere-Vantaa airport - Tampere,Travel,Car,177 km
29-Jun-16,29-Jun-16,60.00,E7064,TR963,May-2016,K2,DECM,Budapest - Timisoara,Travel,Car,312 km
29-Jun-16,29-Jun-16,575.69,E7008,CO152,May-2016,SC95,Conference,Printing,Communication,,
24-Feb-16,24-Feb-16,7.37,E7080,CO151,Nov-2015,L1,Other,Gifts for the Distrcit 94 Fall Conference,Conference,,
24-Feb-16,24-Feb-16,36.79,E7008,MK520,Dec-2015,L1,Other,Queen's town Marketing materials for club promotion.,Marketing,,
02-May-16,02-May-16,205.00,E7060,TR962,Feb-2016,L1,Other,Travel expenses for Kynote speaker confirmed with Tuire,Marketing,,
21-May-16,21-May-16,92.14,E7062,TR958B,Sep-2015,H3,Club visit,"Detaliate expense for official visit . 50 Euro for petrol, 554 km drive from Cluj-Napoca to Brasov. 20 Euros for one night Hotel",Marketing,,
02-May-16,02-May-16,242.79,E7060,TR956,Apr-2016,AM,Conference,Flight Ticket to Division G Conference,Travel,Air,"2,161 km"
15-Jun-16,15-Jun-16,181.60,E7060,TR956,Feb-2016,AM,DECM,Flight Ticket to DECM,Travel,Air,1674
21-Jun-16,21-Jun-16,88.16,E7026,AD900,May-2016,AM,Other,Formstack Gold Subscription - Proxy handling platform,Other,,
21-Jun-16,21-Jun-16,51.59,E7020,AD900,May-2016,AM,Conference,Printed materials for Timisoara DCM,Conference,,
21-Jun-16,21-Jun-16,185.98,E7060,TR956,May-2016,AM,Conference,"Travel Cost to Timisoara. Limit of 0,17 Euro/km",Travel,Air,547
21-Jun-16,21-Jun-16,256.54,E7060,TR956,May-2016,AM,Other,Travel Cost to Helsinki Bootcamp,Travel,Air,2399 km
29-Jun-16,29-Jun-16,249.91,E7036,CO152,May-2016,SC95,Conference,Web Design ,Advertising,,
29-Jun-16,29-Jun-16,8.36,E7062,TR958B,Jan-2016,I2,Club visit,51km Club Visit,Travel,Car,24.6 km
29-Jun-16,29-Jun-16,25.40,E7062,TR958B,Feb-2016,I2,Club visit,152 km Club Visit,Travel,Car,74.7 km
29-Jun-16,29-Jun-16,25.40,E7062,TR958B,Mar-2016,I2,Club visit,153 km Club Visit,Travel,Car,74.7 km
29-Jun-16,29-Jun-16,45.90,E7062,TR958B,Apr-2016,I2,Club visit,270 km Division I Spring Conference Ulm,Travel,Car,144 km
12-Feb-16,12-Feb-16,103.37,E7066,TR952,Oct-2015,CGD,Conference,Train ticket  - Budapest - Katowicze - Budapest with seat tickets Budapest - Breclav and Breclav - Katowicze,Travel,Train,576 km
12-Feb-16,12-Feb-16,11.93,E7066,TR952,Oct-2015,CGD,Conference,Sleeping wagon ticket Katowicze - Budapest,Travel,Train,576 km
12-Feb-16,12-Feb-16,34.28,E7058,TR952,Oct-2015,CGD,Conference,"Accomodation for 2 nights for 1 person - Katowicze, Hostel ",Lodging,,
21-May-16,21-May-16,80.75,E7044,AD900,Feb-2016,CGD,DECM,Customs fee for the DECM Budapest district store,Marketing,,
21-May-16,21-May-16,52.42,E7044,AD900,Mar-2016,CGD,DECM,Postal delivery fee for medals to Poland and Germany contests,Conference,,
21-May-16,21-May-16,40.00,E7058,TR952,Nov-2015,CGD,Conference,"Reclaimable portion of the hotel invoice of 147 Euro in Hotel Duo Prague. As a friend took me there, no travel cost incurred.",Lodging,,
24-Jan-16,24-Jan-16,61.20,E7062,TR957B,Oct-2015,F0,Other,Demo meeting of the club in Bad Homburg,Travel,Car,182 km
04-Feb-16,04-Feb-16,382.77,E7078,CO153,Oct-2015,F0,Conference,Division F conference,Conference,,
04-Feb-16,04-Feb-16,37.80,E7012,MK520,Oct-2015,F0,Conference,supplies for club building activities,Marketing,,
31-Mar-16,31-Mar-16,20.91,E7008,MK520,Nov-2015,F0,Other,Flyer Toastmaster advertisement,Marketing,,
31-Mar-16,31-Mar-16,40.00,E7058,TR957A,Feb-2016,F0,DECM,hotel accomodation,Venue rental,,
31-Mar-16,31-Mar-16,56.44,E7062,TR957A,Feb-2016,F0,DECM,travel by car to airport (Frankfurt) Terminal1,Travel,Car,166 km
31-Mar-16,31-Mar-16,171.98,E7060,TR957A,Feb-2016,F0,DECM,Airfare from Frankfurt to Budapest,Travel,Air,860km
31-Mar-16,31-Mar-16,52.00,E7062,TR957A,Feb-2016,F0,DECM,Parking Fee at Frankfurt Airport (2 days 2016-02-05 to 2016-02-06),Travel,Car,161 km
31-Mar-16,31-Mar-16,150.00,E7014,ET702,Jan-2016,F0,COT,COT 2 of Area F3 & Open stage training,Other,,
31-Mar-16,31-Mar-16,21.00,E7012,MK520,Jan-2016,F0,Other,TM Marketing event of 2016-01-23:  lecturn,Marketing,,
31-Mar-16,31-Mar-16,82.40,E7012,MK520,Jan-2016,F0,Other,TM Marketing event of 2016-01-23:  flip chart,Marketing,,
31-Mar-16,31-Mar-16,22.56,E7012,MK520,Jan-2016,F0,Other,TM Marketing event of 2016-01-23:  flip chart paper 1,Marketing,,
31-Mar-16,31-Mar-16,17.40,E7012,MK520,Jan-2016,F0,Other,TM Marketing event of 2016-01-23:  flip chart paper 2,Marketing,,
21-Jun-16,21-Jun-16,93.79,E7014,CO154,Mar-2016,F0,Conference,Area F2 conference,Conference,,
21-Jun-16,21-Jun-16,17.50,E7066,TR958B,Apr-2016,F0,Club visit,Club visit Area F2 of Area Dir. Marty Pullens by train club #9624,Travel,Train,38.0 km
29-Jun-16,29-Jun-16,40.00,E7058,TR957A,May-2016,F0,Conference,accomodation in Timisoara/ district conference,Lodging,,
29-Jun-16,29-Jun-16,340.00,E7060,TR957A,May-2016,F0,Conference,travel airfare Munich-Timisoara,Travel,Air,997
29-Jun-16,29-Jun-16,68.00,E7062,TR963,May-2016,F0,Conference,travel Mulfingen(home) -Munich Airport- mulfingen single 268 km,Travel,Car,268
24-Jan-16,24-Jan-16,40.00,E7058,TR959,Nov-2015,IPDD,Conference,"hotel accommodation + short term car park at hotel = claim 40 +16,52=56.52",Lodging,,
24-Jan-16,24-Jan-16,198.08,E7062,TR959,Nov-2015,IPDD,Conference,car travel to and from Conference venue,Travel,Car,534 km
24-Jan-16,24-Jan-16,13.80,E7044,AD900,Nov-2015,IPDD,Other,"postage recognition certificates to Tuire-Joanna Chmiel-Calin Gilea-Neal Greenspan, received too late from WHQ",Other,,
07-Mar-16,07-Mar-16,318.95,E7060,TR959,Feb-2016,IPDD,DECM,travel Frankfurt- Budapest,Travel,Air,
03-Jun-16,03-Jun-16,299.74,E7060,TR959,May-2016,IPDD,Conference,IPDG travel to and from D95 Spring Conference,Travel,Air,"1,291 km"
24-Jan-16,24-Jan-16,80.00,E7058,TR957A,Sep-2015,H0,DECM,DECM lodging for Calin Gilea (Division H Director) and Florin Tabirca (Area H1 Director). We stayed in one room 2 nights,Lodging,,
02-Feb-16,02-Feb-16,89.20,E7014,MK512,Dec-2015,H0,Other,Demo meeting (Toastmasters Sibiu) hotel room rental expense (https://www.facebook.com/media/set/?set=a.1117757278249258.10737418,Venue rental,,
12-Feb-16,12-Feb-16,20.42,E7068,TR951,Oct-2015,H0,Other,Tuire's minibus travel from Cluj-Napoca to Budapest airport (ticket price).,Other,,
12-Feb-16,12-Feb-16,138.88,E7010,CO154,Oct-2015,H0,Other,"VAT expense (24%) for District 95 order (TMI training materials, HPLs and speech contest medals)",Other,,
21-Jun-16,21-Jun-16,107.44,E7062,TR963,Mar-2016,H0,Other,Travel from Timisoara to Budapest and back for picking up the speech contest medals,Travel,Car,316 km
21-Jun-16,21-Jun-16,9.55,E7068,TR963,Mar-2016,H0,Other,Highway vignette (travel from Timisoara to Budapest and back for picking up the speech contest medals),Other,,
21-Jun-16,21-Jun-16,44.81,E7020,ET704,Apr-2016,H0,Other,Training Division and Area Directors (Prints & handouts for training),Educational Material,,
21-Jun-16,21-Jun-16,234.79,E7014,ET704,Apr-2016,H0,Other,Training Division and Area Directors (Venue Rental),Venue rental,,
21-Jun-16,21-Jun-16,96.15,E7016,ET704,Apr-2016,H0,Other,Training Division and Area Directors (Meal event expense),Other,,
21-Jun-16,21-Jun-16,119.89,E7082,MK511,Apr-2016,H0,Other,Two rollups for the two new Toastmasters clubs: Cerner Speaks and DB Global Technology,Marketing,,
21-Jun-16,21-Jun-16,295.00,E7020,MK520,Apr-2016,H0,Other,Promotional flyers for membership growth and new clubs. ,Marketing,,
21-Jun-16,21-Jun-16,274.89,E7060,TR963,Jun-2016,H0,Other,Airplane fare to travel to the District Bootcamp in Helsinki from Budapest. ,Travel,Air,"1,923 km"
26-Jun-16,26-Jun-16,215.56,E7062,TR963,May-2016,H0,Other,Car travel by future Area H4 Director Emilian Padurariu from Iasi to Timisoara to attend the future Directors training,Travel,Car,634 km
02-May-16,02-May-16,188.00,E7022,CO151,Nov-2016,AC95,Conference,Cost for booking the hotel,Conference,,
02-May-16,02-May-16,2359.00,E7014,CO151,Nov-2016,AC95,Conference,Cost for booking the hotel,Conference,,
02-May-16,02-May-16,6582.00,E7016,CO151,Nov-2016,AC95,Conference,Cost for booking the hotel,Conference,,
02-May-16,02-May-16,4510.00,E7078,CO151,Nov-2016,AC95,Conference,Cost for booking the hotel,Conference,,
19-Apr-16,19-Apr-16,119.44,E7060,TR958A,Feb-2016,C0,DECM,Flight-Ticket to DECM Budapest (7060 - Airfare Expense Area Director C1),Travel,Air,865 km
21-Jun-16,21-Jun-16,3.60,E7062,TR958B,May-2016,C0,Club visit,Travel Cost AD Club-Visit #1063 Mercury Berlin,Travel,Car,10.6 km
21-Jun-16,21-Jun-16,79.90,E7062,TR958B,Mar-2016,C0,Club visit,Travel Cost AD Club-Visit #1563553 Hanseredner Rostock,Travel,Car,235 km
21-Jun-16,21-Jun-16,2.62,E7062,TR958B,Feb-2016,C0,Club visit,Travel Cost AD Club-Visit #03467645 Berliner Rhetorikmeister,Travel,Car,7.7 km
31-Mar-16,31-Mar-16,50.32,E7062,TR958B,Nov-2015,H4,Club visit,Club visit (148+148)*0.17 club number 2909835,Travel,Car,148 km
31-Mar-16,31-Mar-16,82.28,E7062,TR958B,Nov-2015,H4,Club visit,Club visit (242+242)*0.17 club number 1971420,Travel,Car,242 km
31-Mar-16,31-Mar-16,36.72,E7062,TR958B,Nov-2015,H4,Club visit,Club visit (108+108)*0.17 club number 4377361,Travel,Car,108 km
14-Jun-16,14-Jun-16,30.00,E7020,CO151,Nov-2016,AC95,Conference,Graphic designer - Leaflet promoting Warsaw conference,Marketing,,
02-Feb-16,02-Feb-16,94.00,E7062,TR958B,Nov-2015,G4,Club visit,"Travel by car to and from Lindköping, total 554 KM",Travel,Car,277 km
02-Feb-16,02-Feb-16,22.50,E7062,TR967,Nov-2015,G4,Other,"DEMO meeting in Borås, Area Director Toastmaster Presentation. Travel By car, total 133 KM",Travel,Car,66.2 km
02-May-16,02-May-16,11.19,E7068,TR958A,Feb-2016,G4,DECM,Buss from home to airport Landvetter Gothenburg,Travel,Bus,28.2 km
02-May-16,02-May-16,22.78,E7064,TR958A,Feb-2016,G4,DECM,Cab from Hotel to Airport,Travel,Car,18.7 km
02-May-16,02-May-16,163.29,E7060,TR958A,Feb-2016,G4,DECM,Flight From Sweden Gothburg to Budapest,Travel,Air,"1,660 km"
02-May-16,02-May-16,163.29,E7060,TR958A,Feb-2016,G4,DECM,Flight from Budapest to Landvetter,Travel,Air,"1,683 km"
21-Jun-16,21-Jun-16,94.18,E7062,TR958B,Apr-2016,G4,Club visit,Travel to and from Club Visit ,Travel,Car,277 km
21-May-16,21-May-16,39.98,E7020,MK520,Nov-2015,E0,Other,Promotional materials,Marketing,,
19-Apr-16,19-Apr-16,149.84,E7060,TR957A,Feb-2016,K0,DECM,Flight ticket to DECM from Helsinki return,Travel,Air,"1,984 km"
21-May-16,21-May-16,58.80,E7080,SC801,Apr-2016,K0,Speech contest,Contest Trophies for Winners of Division K Contest,Awards,,
30-Jun-16,30-Jun-16,33.00,E7026,CP604,May-2016,K0,Other,Website Domain Registration 3 Years - toastmasters.fi,Other,,
30-Jun-16,30-Jun-16,139.40,E7062,TR968,Jun-2016,K0,Club coaching,Club Coach visit to club meeting return trip 820km,Travel,Car,410 km
04-Feb-16,04-Feb-16,79.00,R6050,CO151,Nov-2015,L0,Conference,Refund of earlybird ticket,Conference,,
12-Feb-16,12-Feb-16,61.68,E7080,SC802,Oct-2015,D2,Speech contest,AREA Speech contest Awards in 3 languages,Awards,,
12-Feb-16,12-Feb-16,136.00,E7078,SC802,Oct-2015,D2,Speech contest,AREA Speech contest refresments and modest hospitality for the participants(~40),Refreshments,,
21-May-16,21-May-16,79.94,E7078,ET300,Jan-2016,D2,TLI,Lunch for TLI,Refreshments,,
03-Jun-16,03-Jun-16,30.71,E7072,MK520,Mar-2016,D2,Other,"Club banner was ordered by the district, but the tax is paid by me locally.",Marketing,,
03-Jun-16,03-Jun-16,29.41,E7080,CO154,Mar-2016,D2,Speech contest,"Awards for the AREA contest winners, 4 Trophys",Awards,,
03-Jun-16,03-Jun-16,191.17,E7078,CO154,Mar-2016,D2,Speech contest,"Refreshments for the participants, snacks water, cakes.",Refreshments,,
29-Mar-16,29-Mar-16,23.05,E7068,TR958A,Sep-2015,B2,DECM,Travel costs from Rzeszow to Wroclaw and from Wroclaw to Rzeszow,Communication,,
29-Mar-16,29-Mar-16,18.47,E7020,SC802,Oct-2015,B2,Speech contest,Expenses for printing materials for the Area Contest,Educational Material,,
29-Mar-16,29-Mar-16,15.29,E7080,SC802,Oct-2015,B2,Speech contest,Awards for winners and attendees of Area contests,Awards,,
12-Feb-16,12-Feb-16,55.76,E7066,TR958B,Nov-2015,G2,Club visit,Aarhus H (01-13) > Esbjerg and Back,Travel,Train,164 km
12-Feb-16,12-Feb-16,62.20,E7006,CP606,Oct-2015,G2,Other,marketing & education,Educational Material,,
31-Mar-16,31-Mar-16,120.90,E7008,MK520,Oct-2015,G2,Other,marketing & education,Educational Material,,
31-Mar-16,31-Mar-16,169.86,E7060,TR958A,Feb-2016,G2,DECM,"DECM Travel to Budapest, from Malmö, Sweden to Budapest DECM venue and back to Lund, Sweden (Home town) Totaling all travels.",Travel,Air,"1,361 km"
14-Jun-16,14-Jun-16,61.54,E7062,TR958B,Nov-2015,C0,Club visit,Center Berlin TM - #4694957 - Club Visit Area Director C3,Travel,Car,181 km
14-Jun-16,14-Jun-16,43.52,E7062,TR958B,Nov-2015,C0,Club visit,TM Dresden - #1668448 - Club Visit Area Director C3,Travel,Car,128 km
14-Jun-16,14-Jun-16,3.13,E7062,TR958B,Oct-2015,C0,Club visit,Leipziger Redefreiheit - #1584104 - Club Visit Area Director C3,Travel,Car,9.2 km
14-Jun-16,14-Jun-16,2.58,E7062,TR958B,Oct-2015,C0,Club visit,Leipzig TM - #1066272 - Club Visit Area Director C3,Travel,Car,7.6 km
14-Jun-16,14-Jun-16,43.52,E7062,TR958B,Apr-2016,C0,Speech contest,Travel Area C3 Direktor to Area C3 Spreech Contest,Travel,Car,128 km
29-Jun-16,29-Jun-16,2.58,E7062,TR958B,Apr-2016,C0,Club visit,Travel Cost AD Club-Visit #1066272 Leipzig Toastmasters,Travel,Car,7.6 km
29-Jun-16,29-Jun-16,86.60,E7014,CO153,Apr-2016,C0,Conference,"Division C Conference - net loss income (room rentals, equipment, refreshments, awards, copies)",Conference,,
29-Jun-16,29-Jun-16,68.06,E7014,CO154,Apr-2016,C0,Speech contest,"Area C3 Speech Contest (59 Room Rental, 59 Awards, 31 Copying)",Conference,,
30-Jun-16,30-Jun-16,61.54,E7062,TR958B,May-2016,C0,Club visit,Center Berlin TM - #4694957 - Club Visit Area Director C3,Travel,Car,181 km
30-Jun-16,30-Jun-16,3.13,E7062,TR958B,May-2016,C0,Club visit,Leipziger Redefreiheit - #1584104 - Club Visit Area Director C3,Travel,Car,9.2 km
30-Jun-16,30-Jun-16,43.52,E7062,TR958B,May-2016,C0,Club visit,Travel Cost AD Club-Visit #1668448 Toastmasters Dresden,Travel,Car,128 km
24-Jan-16,24-Jan-16,236.50,E7014,CO154,Sep-2015,F0,Conference,reimbursement request Area F4 fall conference,Conference,,
15-Mar-16,15-Mar-16,200.00,E7022,MK520,Nov-2015,F0,Other,Camera man for open stage special TM event,Marketing,,
15-Mar-16,15-Mar-16,416.50,E7014,MK520,Nov-2015,F0,Other,"room rent, preparation , cleaning for the special TM event open stage",Educational Material,,
19-Jan-16,19-Jan-16,356.38,E7026,CP602,Nov-2015,DD,Other,Easy-speak maintenance and hosting cost 2016,Other,,
23-Mar-16,23-Mar-16,203.40,E7060,TR960,Feb-2016,RA1,DECM,Flight costs - 1916 SEK,Travel,Air,"1,612 km"
23-Mar-16,23-Mar-16,53.31,E7060,TR960,Feb-2016,RA1,DECM,Parking costs at airport - 499 SEK,Travel,Air,"1,612 km"
21-May-16,21-May-16,46.92,E7062,TR968,Feb-2016,H2,Club coaching,travel from Oradea to Satu Mare and return,Travel,Car,138 km
12-Feb-16,12-Feb-16,196.10,E7018,CO151,Nov-2015,L0,Conference,"16 flag poles, printer ink and flag stand",Conference,,
03-Jun-16,03-Jun-16,22.00,E7078,MK520,Mar-2016,K3,Speech contest,Refreshments ,Refreshments,,
03-Jun-16,03-Jun-16,27.89,E7080,MK520,Mar-2016,K3,Speech contest,Marketing materials:  giveaways at area speech contest,Marketing,,
03-Jun-16,03-Jun-16,200.00,E7014,CO154,Mar-2016,K3,Speech contest,Conference room,Venue rental,,
03-Jun-16,03-Jun-16,135.40,E7014,ET702,Aug-2015,K3,COT,Conference hall rental for COT,Venue rental,,
29-Jun-16,29-Jun-16,200.00,E7012,ET702,Aug-2015,K3,COT,Training supplies and materials,Other,,
24-Jan-16,24-Jan-16,191.76,E7060,TR957A,Sep-2015,I0,DECM,Hotel and Air Ticket Wroclaw,Travel,Air,564 km
24-Jan-16,24-Jan-16,40.00,E7058,TR957A,Sep-2015,I0,DECM,Hotel and Air Ticket Wroclaw,Travel,Air,564 km
29-Jun-16,29-Jun-16,9408.00,E7016,CO152,May-2016,SC95,Conference,Gala dinner food & Coffee break,Refreshments,,
14-Jun-16,14-Jun-16,260.00,E7008,CO151,Nov-2016,AC95,Conference,Video designer - Video promoting Warsaw conference,Marketing,,
14-Feb-16,14-Feb-16,144.90,E7060,TR958A,Dec-2015,K2,DECM,flight tickets,Travel,Air,"1,984 km"
14-Feb-16,14-Feb-16,36.10,E7080,AD900,Dec-2015,K2,Other,"administrative expenses, postcards for officers in K2 area",Other,,
02-May-16,02-May-16,126.48,E7062,TR958B,Feb-2016,K2,Club visit,Gas and parking,Travel,Car,372 km
02-May-16,02-May-16,19.41,E7062,TR958B,Mar-2016,K2,Club visit,Travel to club visit,Travel,Car,57.1 km
02-May-16,02-May-16,149.98,E7014,ET702,Feb-2016,K2,COT,Venue rent for COT,Venue rental,,
02-May-16,02-May-16,19.00,E7062,TR958B,Feb-2016,K2,COT,Travel to COT,Travel,Car,55.9 km
21-May-16,21-May-16,22.55,E7078,SC802,Mar-2016,K2,Conference,Refreshments for area contest,Refreshments,,
21-May-16,21-May-16,19.65,E7062,TR958B,Mar-2016,K2,Speech contest,transport to area contest venue,Travel,Car,57.8 km
15-Jun-16,15-Jun-16,42.50,E7062,TR958B,Apr-2016,K2,Club visit,transport,Travel,Car,125 km
22-Jun-16,22-Jun-16,40.00,E7058,TR957A,May-2016,K2,DECM,Meeting Room/accomodation,Venue rental,,
22-Jun-16,22-Jun-16,16.00,E7062,TR957A,May-2016,K2,DECM,Transport to airport Vantaa,Travel,Car,48.6 km
22-Jun-16,22-Jun-16,214.90,E7060,TR958A,May-2016,K2,DECM,flight tickets Vantaa-Budapest,Travel,Air,"1,999 km"
22-Jun-16,22-Jun-16,106.08,E7062,TR957A,May-2016,K2,DECM,transport Budapest Timisoara,Travel,Car,312 km
12-Feb-16,12-Feb-16,43.90,E7034,CO153,Oct-2015,DFMI,Conference,Division I Fall Conference Munich,Conference,,
12-Feb-16,12-Feb-16,33.72,E7012,CO153,Oct-2015,DFMI,Conference,Division I Fall Conference Munich,Conference,,
12-Feb-16,12-Feb-16,103.50,E7014,CO153,Oct-2015,DFMI,Conference,Division I Fall Conference Munich,Conference,,
12-Feb-16,12-Feb-16,134.06,E7078,CO153,Oct-2015,DFMI,Conference,Division I Fall Conference Munich,Conference,,
12-Feb-16,12-Feb-16,8.22,E7080,CO153,Oct-2015,DFMI,Conference,Division I Fall Conference Munich,Conference,,
12-Feb-16,12-Feb-16,9.50,E7048,CO153,Oct-2015,DFMI,Conference,Division I Fall Conference Munich,Conference,,
12-Feb-16,12-Feb-16,13.30,E7066,TR967,Dec-2015,DFMI,Club visit,Travel to start a new club,Travel,Train,78.8 km
12-Feb-16,12-Feb-16,7.34,E7066,TR958B,Nov-2015,DFMI,Club visit,"Club Visit AM Margaret Jankowsky Div. I, Area 4",Travel,Train,21.6 km
19-Apr-16,19-Apr-16,178.50,E7036,MK520,Jan-2016,DFMI,Other,Toastmasters-booth at the Expat exhibition in the City Fair Munich,Marketing,,
21-May-16,21-May-16,63.00,E7066,TR958B,Jan-2016,DFMI,Other,Travel to Division Council,Travel,Train,170 km
21-May-16,21-May-16,20.00,E7014,ET702,Jan-2016,DFMI,COT,Room Rent for Officers Training,Venue rental,,
21-May-16,21-May-16,20.00,E7014,CO154,Mar-2016,DFMI,Speech contest,Area Conference,Venue rental,,
21-May-16,21-May-16,18.99,E7078,CO154,Mar-2016,DFMI,Speech contest,Area Conference,Refreshments,,
21-May-16,21-May-16,119.00,E7020,MK520,Mar-2016,DFMI,Other,Marketing Flyer Budget District Club Growth Director,Marketing,,
14-Jun-16,14-Jun-16,61.77,E7008,MK520,Mar-2016,DFMI,Other,Buttons for Marketing Expat Munich,Marketing,,
14-Jun-16,14-Jun-16,50.96,E7078,ET702,Jan-2016,DFMI,COT,"Refreshments, Coffee",Refreshments,,
14-Jun-16,14-Jun-16,26.96,E7078,ET702,Feb-2016,DFMI,COT,Refreshments,Refreshments,,
14-Jun-16,14-Jun-16,27.93,E7080,CO154,Apr-2016,DFMI,Conference,Marketing gifts,Marketing,,
14-Jun-16,14-Jun-16,160.00,E7014,CO154,Mar-2016,DFMI,Conference,Room rent,Venue rental,,
14-Jun-16,14-Jun-16,45.93,E7078,CO154,Mar-2016,DFMI,Conference,Refreshments,Refreshments,,
14-Jun-16,14-Jun-16,32.13,E7012,CO154,Mar-2016,DFMI,Conference,"Paper, Ink",Conference,,
21-Jun-16,21-Jun-16,212.36,E7026,CP604,Apr-2016,DFMI,Other,Hosting Website Division I,Communication,,
19-Jan-16,19-Jan-16,317.73,E7026,CP602,Dec-2015,DD,Other,Easy-speak web and mail server hosting cost 2016,Communication,,
24-Jan-16,24-Jan-16,310.47,E7012,CO151,Nov-2015,L0,Conference,"Golem Thank-you gifts, envelops and giftbages",Conference,,
29-Mar-16,29-Mar-16,35.37,E7062,TR968,Nov-2015,L0,Conference,travel to pick up trophies and back,Travel,Car,208km
16-Mar-16,16-Mar-16,272.36,E7060,TR954,Nov-2015,FM,Conference,Autumn Conference in Prague,Travel,Air,"1,754 km"
16-Mar-16,16-Mar-16,40.00,E7058,TR954,Nov-2015,FM,Conference,Autumn Conference in Prague,Lodging,,
16-Mar-16,16-Mar-16,59.00,E7062,TR954,Nov-2015,FM,Conference,"Autumn Conference in Prague, parking in Helsinki",Travel,Car,"1,754 km"
16-Mar-16,16-Mar-16,136.10,E7060,TR954,Feb-2016,FM,DECM,DECM in Budapest,Travel,Air,"1,965 km"
16-Mar-16,16-Mar-16,38.00,E7062,TR954,Feb-2016,FM,DECM,"DECM in Budapest, parking in Helsinki",Travel,Car,"1,965 km"
16-Mar-16,16-Mar-16,19.20,E7064,TR954,Feb-2016,FM,DECM,"DECM in Budapest,taxi to the Hotel Leonardo, with Tuire V. and Oscar S.",Travel,Other,24.3 km
29-Jun-16,29-Jun-16,265.57,E7060,TR954,Apr-2016,FM,Speech contest,Division F Speech Contest,Travel,Air,"2,291 km"
29-Jun-16,29-Jun-16,71.50,E7066,TR954,Apr-2016,FM,Speech contest,Division F Speech Contest (train FRA-Karlsruhe-FRA),Travel,Train,"2,291 km"
29-Jun-16,29-Jun-16,40.00,E7058,TR954,Apr-2016,FM,Speech contest,Division F Speech Contest ,Lodging,,
29-Jun-16,29-Jun-16,57.00,E7062,TR954,Apr-2016,FM,Speech contest,Division F Speech Contest  (parking at the Helsinki Airport),Travel,Car,"2,291 km"
29-Jun-16,29-Jun-16,268.01,E7060,TR954,May-2016,FM,Conference,District Conference (Helsinki-Budapest),Travel,Air,"2,261 km"
29-Jun-16,29-Jun-16,123.00,E7062,TR954,May-2016,FM,Conference,"District Conference, minibus Buda-Timis-Buda,& parking Helsinki airport",Travel,Car,"2,261 km"
29-Jun-16,29-Jun-16,40.00,E7058,TR954,May-2016,FM,Conference,District Conference (hotel),Lodging,,
30-Jun-16,30-Jun-16,67.20,E7014,CO153,Apr-2016,G0,Other,Room rental,Venue rental,,
30-Jun-16,30-Jun-16,13.44,E7014,CO153,Apr-2016,G0,Other,Room rental,Venue rental,,
30-Jun-16,30-Jun-16,134.40,E7014,MK513,Apr-2016,CGD,Other,Room rental,Venue rental,,
30-Jun-16,30-Jun-16,18.17,E7020,MK513,Apr-2016,G0,Other,Materials printing,Educational Material,,
30-Jun-16,30-Jun-16,50.72,E7004,MK513,Apr-2016,CGD,Other,Badges & pins,Marketing,,
30-Jun-16,30-Jun-16,26.87,E7080,MK513,Apr-2016,CGD,Other,Trophies&thankyou,Awards,,
30-Jun-16,30-Jun-16,436.64,E7078,MK513,Apr-2016,CGD,Other,Sandwiches,Other,,
02-Feb-16,02-Feb-16,2490.00,E7014,ET703,Feb-2016,DD,DECM,"Venue rental, food and lodging for DECM members",Venue rental,,
07-Mar-16,07-Mar-16,109.47,E7014,ET703,Feb-2016,DD,DECM,"Second payment for DECM room rental, meal and lodging",Lodging,,
07-Mar-16,07-Mar-16,370.68,E7078,ET703,Feb-2016,DD,DECM,"Second payment for DECM room rental, meal and lodging",Lodging,,
07-Mar-16,07-Mar-16,618.85,E7058,ET703,Feb-2016,DD,DECM,"Second payment for DECM room rental, meal and lodging",Lodging,,
03-Jun-16,03-Jun-16,40.00,E7058,TR967,Nov-2015,SC95,Speech contest,Hotel accomodation,Lodging,,
03-Jun-16,03-Jun-16,283.56,E7062,TR967,Nov-2015,SC95,Speech contest,Gas expenses,Travel,Car,834 km
15-Jun-16,15-Jun-16,49.58,E7072,MK520,Apr-2016,DD,Other,Customs and VAT for a new club banner,Other,,
19-Apr-16,19-Apr-16,40.14,E7080,MK552,Dec-2015,B1,Other,Book awards for Silesia Toastmasters Club for educational achievement awards in 2015. The awards were given at the club's Christ,Awards,,
24-Feb-16,24-Feb-16,352.00,E7060,TR963,Oct-2015,B5,Speech contest,"Costs of participation in Division Speech Contest paid by Ivo Kersten,participant from Ukraine. Explanation attached",Travel,Air,966 km
24-Feb-16,24-Feb-16,188.00,E7060,TR963,Nov-2015,B5,Speech contest,"Costs to participate in District 95 Speech Contests, 19-22 Nov 2015, Prague, as paid by Ivo Kersten, participant from Ukraine",Travel,Air,"1,428 km"
03-Jun-16,03-Jun-16,12.32,E7020,SC802,Feb-2016,B5,Speech contest,printing materials and prizes for winners,Awards,,
03-Jun-16,03-Jun-16,20.21,E7080,SC802,Feb-2016,B5,Speech contest,printing materials and prizes for winners,Awards,,
03-Jun-16,03-Jun-16,9.02,E7066,TR958B,Feb-2016,B5,Speech contest,Travel costs for Irina Kolesnikova,Travel,Train,474 km
03-Jun-16,03-Jun-16,29.33,E7066,TR958B,Jan-2016,B5,COT,Travel costs for Irina Kolesnikova,Travel,Train,524 km
03-Jun-16,03-Jun-16,12.62,E7066,TR958B,Sep-2015,B5,Speech contest,Travel costs for Irina Kolesnikova to Table Topics Contest,Travel,Train,587 km
30-Jun-16,30-Jun-16,150.00,E7060,TR962,Apr-2016,B5,Conference,"Expenses for Division B Spring Conference was held on 16th of April in Kyiv, Ukraine",Conference,,
30-Jun-16,30-Jun-16,50.00,E7020,CO153,Apr-2016,B5,Conference,"Expenses for Division B Spring Conference was held on 16th of April in Kyiv, Ukraine",Conference,,
30-Jun-16,30-Jun-16,28.00,E7022,CO153,Apr-2016,B5,Conference,"Expenses for Division B Spring Conference was held on 16th of April in Kyiv, Ukraine",Conference,,
30-Jun-16,30-Jun-16,107.00,E7072,MK520,May-2016,B5,Other,Custom fee+brokerage services paid for Customs Clearance of ordering items for Area B5 from Toastmasters shop  ,Other,,
30-Jun-16,30-Jun-16,20.00,E7066,TR958B,Apr-2016,B5,Club visit,Travel costs on Area club visit,Travel,Train,474 km
30-Jun-16,30-Jun-16,70.00,E7026,CP604,May-2016,B5,Other,Payment for site extension of Svoya Rubashka club,Marketing,,
24-Jan-16,24-Jan-16,233.98,E7078,MK560,Nov-2015,L2,Other,Division happening with Jim Kokocki TMI president. This was a mega TM session with ~100 attendees from the division. Appr attach,Refreshments,,
14-Jun-16,14-Jun-16,38.79,E7014,MK520,Mar-2016,L2,Other,NGO Market,Marketing,,
14-Jun-16,14-Jun-16,18.77,E7080,SC802,Apr-2016,L2,Speech contest,Awards for the contest for the winners,Awards,,
03-Jun-16,03-Jun-16,40.00,E7058,TR967,Nov-2015,SC95,Speech contest,Hotel accomodation,Lodging,,
30-Jun-16,30-Jun-16,80.00,E7058,TR963,May-2016,L0,COT,"Hotel for 1 night Linda and Jakub, ",Lodging,,
30-Jun-16,30-Jun-16,29.60,E7062,TR963,May-2016,L0,COT,"travel to Timisoara for Jakub and Linda, note shared car with other people.",Travel,Car,833 km
30-Jun-16,30-Jun-16,110.27,E7064,TR963,May-2016,L0,COT,travel back to Prague from Timisoara for Jakub and Linda,Travel,Bus,836 km
31-Mar-16,31-Mar-16,53.91,E7026,CP604,Nov-2015,G0,Other,www - www.toastmasters.se,Communication,,
21-May-16,21-May-16,165.92,E7044,MK520,Feb-2016,C0,Other,Customs tax for TM Educational Material ordered trough District Dir. for Division C,Educational Material,,
21-May-16,21-May-16,18.50,E7064,TR958B,Feb-2016,C0,Other,Taxi costs for transportation Education Material from customs office to Area Directors Home - it was to heavy,Other,,
21-May-16,21-May-16,44.60,E7044,MK520,Feb-2016,C0,Other,7072 - Sales Tax Expense - Marketing Material Division C ordered via DD,Marketing,,
14-Jun-16,14-Jun-16,30.48,E7078,SC802,Apr-2016,C0,Speech contest,Gifts + Thank yous + refreshments for Area C2 speech contest,Refreshments,,
14-Jun-16,14-Jun-16,4.52,E7062,TR958B,Mar-2016,C0,Club visit,2nd Club Visit First Berlin #5872,Travel,Car,13.3 km
14-Jun-16,14-Jun-16,4.76,E7062,TR958B,Mar-2016,C0,Club visit,2nd Club Visit Adlershof TM #1025950,Travel,Car,14.0 km
14-Jun-16,14-Jun-16,2.04,E7062,TR958B,Mar-2016,C0,Club visit,2nd Club Visit Spreeredner #835367,Travel,Car,6.0 km
14-Jun-16,14-Jun-16,3.40,E7062,TR958B,Apr-2016,C0,Club visit,2nd Club Visit Steglitz TM #2643782,Travel,Car,10.0 km
15-Jun-16,15-Jun-16,52.93,E7080,SC802,Mar-2016,C0,Speech contest,Awards + Trophys for Area C2 speech contest,Awards,,
22-Jun-16,22-Jun-16,208.97,E7060,TR963,Jun-2016,C0,Other,Travel Cost Incoming Division C Director to BootCamp Helsinki in June 2016,Travel,Air,"1,618 km"
22-Jun-16,22-Jun-16,267.43,E7060,TR958A,May-2016,C0,Other,Travel + Accomodation Cost Incoming Division C Director to Training Timisoara (Flight + 40€ Accomodation),Travel,Air,"1,179 km"
22-Jun-16,22-Jun-16,40.00,E7058,TR958A,May-2016,C0,Other,Travel + Accomodation Cost Incoming Division C Director to Training Timisoara (Flight + 40€ Accomodation),Travel,Air,"1,179 km"
12-Feb-16,12-Feb-16,3.70,E7062,TR957B,Oct-2015,C0,Club visit,"Club-Visit #5872 First Berlin TM, Travel by car. 10,9kmx0,17x2= 3,70",Travel,Car,10.9 km
12-Feb-16,12-Feb-16,121.94,E7060,TR958B,Dec-2015,C0,DECM,Flight-Ticket to DECM Budapest (7060 - Airfare Expense Area Director C3),Travel,Air,872 km
30-Jun-16,30-Jun-16,279.84,E7060,TR963,May-2016,F4,Conference,Flight and Hotel in Timisoara,Travel,Air,"1,297 km"
30-Jun-16,30-Jun-16,40.00,E7058,TR963,May-2016,F4,Conference,Flight and Hotel in Timisoara,Travel,Air,"1,297 km"
24-Feb-16,24-Feb-16,45.90,E7062,TR958B,Oct-2015,I3,Club visit,"Travel to location of Danube Sparrows,  95 I3 4766 ",Travel,Train,135 km
24-Feb-16,24-Feb-16,45.90,E7062,TR958B,Nov-2015,I3,Club visit,"Travel to location Ulmer Redespatzen,  95 I3   1022921",Travel,Train,135 km
24-Feb-16,24-Feb-16,9.88,E7062,TR958B,Oct-2015,I3,Club visit,travel by car sharing vehicle to club Power Speakers Lechfeld,Travel,Car,58.1 km
24-Feb-16,24-Feb-16,9.88,E7062,TR958B,Nov-2015,I3,Club visit,travel by car sharing vehicle to club Power Speakers Lechfeld,Travel,Car,58.1 km
15-Mar-16,15-Mar-16,99.00,R6050,CO151,Nov-2015,D95,Other,Paid 99 for Conference in Jul but told her payment is not there.She bought second ticket from Peter Bird.,Other,,
15-Mar-16,15-Mar-16,99.00,R6050,CO151,Nov-2015,D95,Other,Paid twice for his Prague Conference ticket by mistake.,Other,,
29-Jun-16,29-Jun-16,400.52,E7060,TR963,May-2016,C0,DECM,"Travel Cost Incoming Area C2 Director to Training Timisoara (Flight 458,82 € + 40€ Accomodation)",Travel,Air,"1,178 km"
29-Jun-16,29-Jun-16,40.00,E7058,TR963,May-2016,C0,DECM,"Travel Cost Incoming Area C2 Director to Training Timisoara (Flight 458,82 € + 40€ Accomodation)",Travel,Air,"1,178 km"
19-Apr-16,19-Apr-16,20.00,R6050,CO151,Nov-2015,D95,Other,Bought conf only and on nov 17 upgdaded to full by paying 50 EUR instead of 30 EUR,Other,,
22-Jun-16,22-Jun-16,275.60,E7060,TR963,May-2016,J3,Conference,Plane Travel cost for 3 people (delegation) from D95 fall conference team to Budapest. ,Travel,Air,"1,173 km"
22-Jun-16,22-Jun-16,300.48,E7060,TR957B,Jun-2016,J3,Other,Plane ticket cost from Warsaw to Helsinki for D95 Core Team training,Travel,Air,"1,063 km"
02-May-16,02-May-16,40.00,E7058,TR962,Jan-2016,C0,TLI,"7058 - Lodging KeyNote-Speaker (TLI Division C, Berlin)",Lodging,,
02-May-16,02-May-16,231.88,E7062,TR962,Jan-2016,C0,TLI,"7062 Travel KeyNote-Speaker (TLI Division C, Berlin)",Travel,Car,682 km
24-Jan-16,24-Jan-16,287.83,E7016,CO151,Nov-2015,L0,Conference,Gala dinner wine & Delivery,Conference,,
15-Jun-16,15-Jun-16,64.94,E7062,TR951,Apr-2016,DD,Conference,District Director’s travel from Gdansk to Olsztyn and back,Travel,Car,366 km
21-May-16,21-May-16,57.31,E7014,ET702,Feb-2016,E0,COT,Venue rental,Venue rental,,
21-May-16,21-May-16,28.11,E7012,ET702,Feb-2016,E0,COT,Writing materials,Educational Material,,
21-May-16,21-May-16,28.99,E7020,ET702,Feb-2016,E0,COT,Printing,Educational Material,,
15-Jun-16,15-Jun-16,7.36,E7020,SC802,Apr-2016,E0,Speech contest,Printing for area contest,Awards,,
15-Jun-16,15-Jun-16,34.84,E7014,SC802,Apr-2016,E0,Speech contest,venue rental,Venue rental,,
15-Jun-16,15-Jun-16,7.80,E7012,MK512,Feb-2016,E0,Other,"Demo meeting in Olsztyn, stationery",Other,,
15-Jun-16,15-Jun-16,65.00,E7020,MK512,Feb-2016,E0,Other,"Demo meeting in Olsztyn, printings",Other,,
15-Jun-16,15-Jun-16,32.31,E7080,MK512,Mar-2016,E0,Other,"Demo meeting in Sopot,prizies",Awards,,
15-Jun-16,15-Jun-16,6.94,E7012,MK512,Mar-2016,E0,Other,"Demo meeting in Sopot,stationery",Other,,
04-Feb-16,04-Feb-16,12.48,E7080,SC801,Oct-2015,B0,Speech contest,materials and diploma printings,Marketing,,
04-Feb-16,04-Feb-16,8.55,E7020,SC801,Oct-2015,B0,Speech contest,materials and diploma printings,Marketing,,
04-Feb-16,04-Feb-16,58.14,E7062,TR957B,Nov-2015,B0,TLI,meeting&training for TLI organizers in Rzeszów,Travel,Car,171 km
07-Mar-16,07-Mar-16,80.38,E7020,MK512,Dec-2015,B0,Other,"2 DEMO meetings promotion, printings (posters, leaflests)",Marketing,,
07-Mar-16,07-Mar-16,17.78,E7080,ET300,Jan-2016,B0,TLI,small awards for organizers and contest winers,Awards,,
07-Mar-16,07-Mar-16,56.10,E7062,TR957B,Jan-2016,B0,TLI,travel to TLI odlotowetli.pl,Travel,Car,164 km
02-May-16,02-May-16,132.94,E7062,TR957A,Feb-2016,B0,DECM,travel to DECM,Travel,Car,391 km
02-May-16,02-May-16,17.03,E7006,MK520,Feb-2016,B0,Conference,educational awards,Educational Material,,
02-May-16,02-May-16,21.52,E7012,MK512,Feb-2016,B0,Other,"marketing, visiting cards, posters, paper (DEMO meeting)",Marketing,,
02-May-16,02-May-16,43.16,E7020,MK512,Feb-2016,B0,Other,"marketing, visiting cards, posters, paper (DEMO meeting)",Marketing,,
02-May-16,02-May-16,2.27,E7012,MK512,Feb-2016,B0,Other,"marketing, visiting cards, posters, paper (DEMO meeting)",Marketing,,
02-May-16,02-May-16,256.20,E7006,MK520,Feb-2016,B0,Other,toastmasters shop order for Toastmasters Krakow,Educational Material,,
02-May-16,02-May-16,82.46,E7008,MK520,Feb-2016,B0,Other,leaflets for Public Speaking Club and HSBC,Advertising,,
21-Jun-16,21-Jun-16,40.00,E7058,TR957B,Apr-2016,B0,Conference,"hotel MIR Kiev - can not include UAH currency (original cost 1425,6 UAH)",Lodging,,
21-Jun-16,21-Jun-16,128.04,E7014,SC802,Apr-2016,B0,Other,"Overal cost for the venue (Club Officers training, area speech contest, and Krakow demo meeting ",Venue rental,,
21-Jun-16,21-Jun-16,25.58,E7010,ET701,Mar-2016,B0,Other,Educational books for the clubs (as an award),Educational Material,,
21-Jun-16,21-Jun-16,12.36,E7020,MK511,Mar-2016,B0,Other,printings for contest & mails to G2A toastmasters club (certificates),Marketing,,
29-Jun-16,29-Jun-16,46.70,E7020,MK520,Apr-2016,B0,Other,club marketing - demo (rollup printing + other printings/paper/document folders),Marketing,,
29-Jun-16,29-Jun-16,240.72,E7062,TR957B,May-2016,B0,DECM,"travel (240,72 EUR) to Timisoara (DCM + conference) + lodging (340 RON)",Travel,Car,708 km
29-Jun-16,29-Jun-16,40.00,E7058,TR957B,May-2016,B0,DECM,"travel (240,72 EUR) to Timisoara (DCM + conference) + lodging (340 RON)",Travel,Car,708 km
29-Jun-16,29-Jun-16,301.58,E7062,TR957B,Apr-2016,B0,Conference,travel to Kiev Division B Conference (correction),Travel,Car,887 km
29-Jun-16,29-Jun-16,4.11,E7020,MK520,Apr-2016,B0,Other,"club rollup, training advertisement on fb",Advertising,,
30-Jun-16,30-Jun-16,85.89,E7014,CO153,Apr-2016,B0,Speech contest,Division B Polish Speech Contest awards and catering & venue,Awards,,
30-Jun-16,30-Jun-16,22.59,E7078,CO153,Apr-2016,B0,Speech contest,Division B Polish Speech Contest awards and catering & venue,Awards,,
02-May-16,02-May-16,92.46,E7026,CP601,Nov-2015,PRM,Other,"I have paid for domain, Michal took the document, couse domain's registered on him now",Marketing,,
02-May-16,02-May-16,17.46,E7020,CP606,Nov-2015,PRM,Other,the rest of business cards (2 persons) gave it to them in Prague,Marketing,,
02-May-16,02-May-16,75.48,E7062,TR955,Oct-2015,PRM,Conference,journey by car and hotel in Lodz,Travel,Car,515 km
02-May-16,02-May-16,40.00,E7058,TR955,Oct-2015,PRM,Conference,journey by car and hotel in Lodz,Travel,Car,515 km
02-May-16,02-May-16,11.00,E7062,TR955,Nov-2015,PRM,Conference,parking shortterm - hotel Duo. We had all car full of cameras and komputers,Conference,,
02-May-16,02-May-16,30.26,E7058,TR955,Nov-2015,PRM,Conference,"bed in hostel in Prague during Conference. We paid for himself, the document was for M.Byrczek who made rezewation",Conference,,
02-May-16,02-May-16,112.54,E7062,TR955,Nov-2015,PRM,Conference,travel from Wroclaw to Prague and back for conference,Travel,Car,331 km
15-Jun-16,15-Jun-16,222.13,E7060,TR955,Feb-2016,PRM,DECM,"plane to Budapest, food, taxi to airport",Travel,Air,515 km
15-Jun-16,15-Jun-16,40.00,E7058,TR955,Feb-2016,PRM,DECM,"plane to Budapest, food, taxi to airport",Travel,Air,515 km
21-May-16,21-May-16,80.00,E7014,ET702,Jan-2016,L6,COT,COT L6 venue rental,Venue rental,,
21-May-16,21-May-16,68.00,E7062,TR958A,Jan-2016,L6,DECM,COT L6 venue rental,Travel,Car,200 km
30-Jun-16,30-Jun-16,120.00,E7014,CO154,Mar-2016,L6,Conference,Venue rental reimbursement,Conference,,
12-Feb-16,12-Feb-16,22.10,E7062,TR958B,Jul-2015,E0,Club visit,Demo meeting in Piła,Travel,Car,130 km
12-Feb-16,12-Feb-16,22.10,E7062,TR958B,Jul-2015,E0,Club visit,Demo meeting in Piła - way back,Travel,Car,130 km
12-Feb-16,12-Feb-16,47.60,E7062,TR958B,Oct-2015,E0,Speech contest,Speech contest in Szczecin,Travel,Car,280 km
12-Feb-16,12-Feb-16,47.60,E7062,TR958B,Oct-2015,E0,Speech contest,Speech contest in Szczecin - way back,Travel,Car,280 km
12-Feb-16,12-Feb-16,25.33,E7062,TR958A,Sep-2015,E0,DECM,DECM in Wrocław,Travel,Car,280 km
12-Feb-16,12-Feb-16,25.33,E7062,TR958A,Sep-2015,E0,DECM,DECM in Wrocław - way back,Travel,Car,149 km
24-Feb-16,24-Feb-16,22.10,E7062,TR958B,Aug-2015,E0,Club visit,Club visit and training,Travel,Car,130 km
24-Feb-16,24-Feb-16,22.10,E7062,TR958B,Aug-2015,E0,Club visit,Club visit and training - way back,Travel,Car,130 km
24-Feb-16,24-Feb-16,22.10,E7062,TR958B,Nov-2015,E0,Club visit,Club visit and training,Travel,Car,130 km
24-Feb-16,24-Feb-16,22.10,E7062,TR958B,Nov-2015,E0,Club visit,Club visit and training - way back,Travel,Car,130 km
24-Feb-16,24-Feb-16,29.07,E7062,TR958B,Jul-2015,E0,Club visit,Club visit Gorzów Wielkopolski,Travel,Car,171 km
24-Feb-16,24-Feb-16,29.07,E7062,TR958B,Jul-2015,E0,Club visit,Club visit Gorzów Wielkopolski - way back,Travel,Car,171 km
24-Feb-16,24-Feb-16,29.07,E7062,TR958B,Aug-2015,E0,Club visit,Club visit Gorzów Wielkopolski,Travel,Car,171 km
24-Feb-16,24-Feb-16,29.07,E7062,TR958B,Aug-2015,E0,Club visit,Club visit Gorzów Wielkopolski - way back,Travel,Car,171 km
15-Jun-16,15-Jun-16,14.09,E7010,SC802,Apr-2016,E0,Speech contest,Prices for area contest,Awards,,
15-Jun-16,15-Jun-16,20.71,E7020,SC802,Apr-2016,E0,Speech contest,Printing for area contest,Awards,,
14-Feb-16,14-Feb-16,36.15,E7058,TR957B,Nov-2015,E0,Conference,Accomondation during conference in Phrag,Lodging,,
14-Feb-16,14-Feb-16,55.25,E7062,TR957B,Nov-2015,E0,Conference,Travel to Prague,Travel,Car,325 km
14-Feb-16,14-Feb-16,55.25,E7062,TR957B,Nov-2015,E0,Conference,Travel to Prague - way back,Travel,Car,325 km
14-Feb-16,14-Feb-16,26.94,E7008,MK520,Nov-2015,E0,Other,Business cards for a club,Marketing,,
02-May-16,02-May-16,16.01,E7020,MK552,Jan-2016,E0,Other,printing diplomas,Marketing,,
02-May-16,02-May-16,6.86,E7020,MK552,Jan-2016,E0,Other,printing certificates,Marketing,,
02-May-16,02-May-16,10.37,E7080,MK552,Feb-2016,E0,Other,"Books, prices",Marketing,,
02-May-16,02-May-16,104.04,E7062,TR957B,Feb-2016,E0,Club visit,"Visiting new clubs in Poznan, Bydgoszcz",Travel,Car,306
02-May-16,02-May-16,9.62,E7066,TR957B,Mar-2016,E0,Club visit,"Train ticket to Bydgoszcz. After smal TLI in Gdansk, I visited club in Bydgoszcz",Travel,Train,166 km
15-Jun-16,15-Jun-16,19.82,E7020,SC802,Mar-2016,E0,Speech contest,Printings,Awards,,
15-Jun-16,15-Jun-16,39.65,E7020,SC802,Mar-2016,E0,Speech contest,Printings,Awards,,
15-Jun-16,15-Jun-16,29.74,E7010,SC802,Mar-2016,E0,Speech contest,Awards for contestants,Awards,,
15-Jun-16,15-Jun-16,46.28,E7014,SC802,Mar-2016,E0,Speech contest,Venue rental area E4 speech contest,Venue rental,,
21-Jun-16,21-Jun-16,56.44,E7062,TR968,Nov-2015,E0,Club coaching,"Club couch visit - Jakub Bronowicki, Roman Sokulski - club has surrvived",Travel,Car,166 km
21-Jun-16,21-Jun-16,56.44,E7062,TR968,Dec-2015,E0,Club coaching,"Club couch visit 02 - Jakub Bronowicki, Roman Sokulski - club has survived",Travel,Car,166 km
21-Jun-16,21-Jun-16,56.44,E7062,TR968,Feb-2016,E0,Club coaching,"Club couch visit 03 - Jakub Bronowicki, Roman Sokulski - club has survived",Travel,Car,166 km
21-Jun-16,21-Jun-16,56.44,E7062,TR968,Mar-2016,E0,Club coaching,"Club couch visit 04 - Jakub Bronowicki, Roman Sokulski - club has survived",Travel,Car,166 km
30-Jun-16,30-Jun-16,113.06,E7060,TR957B,Jun-2016,E0,COT,Travel to visit clubs and help with COT,Travel,Air,527 km
19-Apr-16,19-Apr-16,77.55,E7060,TR958A,Feb-2016,J4,DECM,Travel to DECM: Lublin ->Warsaw -> Budapest and return,Travel,Air,656
15-Jun-16,15-Jun-16,82.96,E7062,TR958B,Apr-2016,J4,Speech contest,"Cost of travel to area contest for me and contestants 244km*0,17 = 41,48 (one way) all travel 2* 41,48 = 82,96 EUR",Travel,Car,244 km
21-Jun-16,21-Jun-16,82.28,E7062,TR958B,Apr-2016,J4,Club coaching,"cost of travel 242 *0,17=41,14 EUR (one way), all journey 82,28 EUR. Club coach visit, troubleshooting doc attached.",Travel,Car,242 km
29-Jun-16,29-Jun-16,184.96,E7062,TR958B,May-2016,J4,Club visit,"one way travel 544 km, all journey 1088km",Travel,Car,544 km
29-Jun-16,29-Jun-16,157.76,E7062,TR958B,May-2016,J4,Club visit,"Cost of travel to club 459km*0,17 = 78,88 (one way) all travel 2* 78,88 = 157,76 EUR",Travel,Car,464 km
29-Jun-16,29-Jun-16,121.38,E7062,TR958B,May-2016,J4,Club visit,"one way journey 357 km, all journey 714 km * 0,17 EUR = 121,38 EUR",Travel,Car,357 km
14-Feb-16,14-Feb-16,40.00,E7058,TR953,Nov-2015,PQD,Conference,Accommodation during Prague Conference 40 EUR as budgeted,Conference,,
14-Feb-16,14-Feb-16,154.00,E7062,TR953,Nov-2015,PQD,Conference,Travel to Prague Conference as within budget,Travel,Car,454 km
14-Feb-16,14-Feb-16,112.00,E7062,TR953,Oct-2015,PQD,Speech contest,Division L Speech Contest/Conference,Travel,Car,332 km
03-Jun-16,03-Jun-16,193.29,E7060,TR953,Feb-2016,PQD,DECM,Flight to DECM in Budapset,Travel,Air,895 km
03-Jun-16,03-Jun-16,336.75,E7058,TR953,Jan-2016,PQD,Other,Hotel @ District Leaders Training in Barcelona,Lodging,,
03-Jun-16,03-Jun-16,21.34,E7072,AD900,Feb-2016,PQD,Other,Customs for KontestMasters club's banner,Marketing,,
26-Jun-16,26-Jun-16,40.00,E7058,TR953,May-2016,PQD,Conference,Hotel @ Timisoara ,Lodging,,
26-Jun-16,26-Jun-16,216.17,E7060,TR953,May-2016,PQD,Conference,Travel to Timisoara Conference,Travel,Air,"1,202 km"
26-Jun-16,26-Jun-16,234.64,E7060,TR953,Apr-2016,PQD,Conference,Division H Conference Visit,Travel,Air,"1,723 km"
26-Jun-16,26-Jun-16,263.35,E7072,MK520,Apr-2016,PQD,Other,VAT for District Leadership Handbooks,Educational Material,,
26-Jun-16,26-Jun-16,215.56,E7060,TR953,May-2016,PQD,Other,Flight Berlin->Helsinki Division Directors Bootcamp (flight+luggage),Travel,Air,"1,352 km"
30-Jun-16,30-Jun-16,370.44,E7058,TR953,Jan-2016,PQD,Other,Hotel @ Madrid Training for District Officers,Lodging,,
30-Jun-16,30-Jun-16,284.13,E7060,TR963,Jun-2016,F4,Other,"Flight MUC-HEL, HEL-FRA",Travel,Air,"2,172 km"
14-Jun-16,14-Jun-16,206.95,E7060,TR958A,Feb-2016,G5,DECM,Air travel,Travel,Air,"1,622 km"
24-Jan-16,24-Jan-16,40.00,E7058,TR965,Sep-2015,PRLM,DECM,Hotel Overnights,Lodging,,
24-Jan-16,24-Jan-16,292.73,E7060,TR965,Sep-2015,PRLM,DECM,Airline ticket,Travel,Air,570 km
30-Jun-16,30-Jun-16,240.79,E7060,TR965,Feb-2016,PRLM,DECM,Flight to Budapest,Travel,Air,768 km
30-Jun-16,30-Jun-16,50.00,E7058,TR965,Feb-2016,PRLM,DECM,Accommodation Budapest,Lodging,,
30-Jun-16,30-Jun-16,125.00,E7064,TR965,Feb-2016,PRLM,Other,Attend Division A conference at request of PQD Michal Talaga,Travel,Train,768 km
12-Feb-16,12-Feb-16,243.50,E7008,MK520,Nov-2015,G0,Other,Article in local newspaper,Marketing,,
12-Feb-16,12-Feb-16,22.59,E7012,MK520,Nov-2015,G0,Other,Stationary for meeting- Open meeting,Marketing,,
12-Feb-16,12-Feb-16,6.70,E7012,MK520,Nov-2015,G0,Other,Paper - Open meeting,Marketing,,
12-Feb-16,12-Feb-16,33.50,E7012,MK520,Nov-2015,G0,Other,Toner - Open meeting,Marketing,,
12-Feb-16,12-Feb-16,17.84,E7078,MK520,Nov-2015,G0,Other,Catering - Open meeting,Marketing,,
24-Feb-16,24-Feb-16,2.75,E7062,TR958B,Sep-2015,K1,Club visit,Credit purchase to my travel card - Microsoft-talo (Espoo),Travel,Bus,8.1 km
24-Feb-16,24-Feb-16,24.00,E7068,TR958B,Sep-2015,K1,Club visit,Ferry ticket Tallinnk - Toastmasters Tallinn,Travel,Boat,87.2 km
24-Feb-16,24-Feb-16,8.00,E7062,TR958B,Oct-2015,K1,Club visit,Credit purchase to my travel card - Heslinki Toastmasters (Espoo),Travel,Bus,9.2 km
26-Apr-16,26-Apr-16,12.87,E7044,MK520,Jan-2016,K1,Other,Customs fees for marketing material ordered to Toastmasters Shop. Area K1,Marketing,,
26-Apr-16,26-Apr-16,36.51,E7078,ET702,Feb-2016,K1,COT,Snacks for COT Areas K1 and K2,Refreshments,,
26-Apr-16,26-Apr-16,36.00,E7068,TR958B,Feb-2016,K1,Other,Ferry ticket Tallinnk - DEMO meeting for Tallinn Talkers,Travel,Boat,89.5 km
15-Jun-16,15-Jun-16,30.28,E7078,SC802,Mar-2016,K1,Speech contest,Snacks for International Speech & Evaluation Contest Areas K1 and K2,Refreshments,,
19-Apr-16,19-Apr-16,4.29,E7020,CO153,Oct-2015,L0,Conference,Division Conference costs,Conference,,
19-Apr-16,19-Apr-16,140.89,E7078,CO153,Oct-2015,L0,Conference,Division Conference costs,Conference,,
19-Apr-16,19-Apr-16,7.17,E7080,CO153,Oct-2015,L0,Conference,Division Conference costs,Conference,,
03-Jun-16,03-Jun-16,400.00,E7022,CO152,May-2016,SC95,Conference,Photo Booth,Marketing,,
29-Jun-16,29-Jun-16,70.00,E7082,MK520,May-2016,PQD,Conference,most new members in February-March 2016 ticket to timisoara reimbursement - Marketing Budget,Marketing,,
21-Jun-16,21-Jun-16,1220.00,E7014,ET703,Jun-2016,DD,Other,"District Leader Boot camp Helsinki, room rental E7014",Venue rental,,
21-Jun-16,21-Jun-16,1005.30,E7058,TR957B,Jun-2016,DD,Other,"District Leader Boot camp Helsinki, lodging for District Leaders ",Lodging,,
29-Jun-16,29-Jun-16,1146.72,E7020,CO152,May-2016,SC95,Conference,"Marketing, PR, Prints, Linyards",Marketing,,
26-Apr-16,26-Apr-16,27.29,E7036,MK520,Aug-2015,K1,Other,6 months - Meetup Organizer Subscription,Marketing,,
26-Apr-16,26-Apr-16,26.43,E7024,MK520,Feb-2016,K1,Other,Meetup Organizer Subscription (second 6 months),Marketing,,
04-Feb-16,04-Feb-16,122.67,E7060,TR957B,Nov-2015,J0,Speech contest,Travel to D 95 Prague Conference,Travel,Air,687 km
04-Feb-16,04-Feb-16,24.14,E7078,ET702,Dec-2015,J0,COT,Meals for officer training,Refreshments,,
04-Feb-16,04-Feb-16,61.33,E7060,TR957A,Dec-2015,J0,DECM,Airline ticket,Travel,Air,901
07-Mar-16,07-Mar-16,60.73,E7060,TR957A,Feb-2016,J0,DECM,Airline ticket,Travel,Air,868 km
07-Mar-16,07-Mar-16,28.81,E7078,ET702,Jan-2016,J0,COT,Meals for officer training,Refreshments,,
07-Mar-16,07-Mar-16,60.73,E7060,TR957A,Jan-2016,J0,COT,District Officers Training,Travel,Air,868 km
07-Mar-16,07-Mar-16,102.46,E7060,TR958A,May-2016,J0,Conference,Airline ticket,Travel,Air,868 km
19-Apr-16,19-Apr-16,4.71,E7044,MK520,Jan-2016,J0,Other,Books distribution in the region,Educational Material,,
19-Apr-16,19-Apr-16,6.30,E7062,TR963,Jan-2016,J0,Other,Officer travel to TLI,Travel,Bus,294 km
19-Apr-16,19-Apr-16,27.46,E7082,MK552,Feb-2016,J0,Other,Award - club integration ,Marketing,,
19-Apr-16,19-Apr-16,40.34,E7062,TR957A,Feb-2016,J0,DECM,District Officers Training - Taxi fees,Travel,Car,1 m
21-May-16,21-May-16,21.56,E7012,MK512,Jan-2016,J0,Other,Marketing / New Club demo meeting,Marketing,,
21-May-16,21-May-16,13.46,E7020,MK512,Jan-2016,J0,Other,Marketing / New Club demo meeting,Marketing,,
03-Jun-16,03-Jun-16,5.49,E7006,MK511,Feb-2016,J0,Other,Marketing / New Club ,Marketing,,
03-Jun-16,03-Jun-16,10.99,E7010,MK511,Feb-2016,J0,Other,Marketing / New Club ,Marketing,,
03-Jun-16,03-Jun-16,102.20,E7006,MK520,Feb-2016,J0,Other,Educational materials for TM Asbiro Club - Area J2,Educational Material,,
03-Jun-16,03-Jun-16,80.96,E7014,SC802,Mar-2016,J0,Speech contest,Speech contest - Area J4 - partial refund,Marketing,,
03-Jun-16,03-Jun-16,93.27,E7004,MK511,Feb-2016,J0,Other,Marketing / New Club ,Marketing,,
03-Jun-16,03-Jun-16,13.20,E7044,MK511,Feb-2016,J0,Other,Marketing / New Club ,Marketing,,
03-Jun-16,03-Jun-16,35.69,E7080,CO154,Mar-2016,J0,Speech contest,Area speech contest,Awards,,
03-Jun-16,03-Jun-16,22.95,E7080,CO154,Mar-2016,J0,Speech contest,Area speech contest,Awards,,
03-Jun-16,03-Jun-16,18.69,E7020,CO154,Mar-2016,J0,Speech contest,Speech contest - Area J3 - full refund,Marketing,,
03-Jun-16,03-Jun-16,55.21,E7020,CO154,Mar-2016,J0,Speech contest,Speech contest - Area J3 - full refund,Marketing,,
03-Jun-16,03-Jun-16,114.00,E7082,MK511,Mar-2016,J0,Other,Educational materials for TM Centrum Club - Area J3,Marketing,,
22-Jun-16,22-Jun-16,13.15,E7020,MK520,Apr-2016,J0,Other,Educational materials - for Area J1,Marketing,,
22-Jun-16,22-Jun-16,39.00,E7082,MK520,Apr-2016,J0,Other,Educational materials - for Area J1,Marketing,,
22-Jun-16,22-Jun-16,25.25,E7078,CO154,Apr-2016,J0,Speech contest,Speech contest - Area J1 ,Conference,,
22-Jun-16,22-Jun-16,127.90,E7060,TR958A,Jan-2016,J0,DECM,DECM travel to Budapest - Director Area J1,Travel,Air,868 km
22-Jun-16,22-Jun-16,120.92,E7082,CO153,Apr-2016,J0,Conference,Marketing costs for Division J Conference,Marketing,,
22-Jun-16,22-Jun-16,203.00,E7062,TR963,May-2016,J0,Conference,Travel from D95 Conference - AD Candidate Zbigniew Dzideczek,Travel,Car,"1,193 km"
22-Jun-16,22-Jun-16,42.73,E7010,MK552,Apr-2016,J0,Speech contest,Educational materials for Toastmasters Polska Club,Educational Material,,
26-Jun-16,26-Jun-16,201.10,E7062,TR963,May-2016,J0,Conference,Travel to D95 Conference - AD Candidate Zbigniew Dzideczek,Travel,Car,"1,183 km"
02-May-16,02-May-16,9.56,E7062,TR958A,Feb-2016,H2,DECM,Hungary Road Tax vignete,Travel,Car,
02-May-16,02-May-16,97.24,E7062,TR958A,Feb-2016,H2,DECM,gas cost,Travel,Car,313 km
02-May-16,02-May-16,102.00,E7062,TR958B,Feb-2016,H2,Club visit,transport from Timisoara to Satu Mare and return,Travel,Car,300 km
02-May-16,02-May-16,44.62,E7014,ET702,Feb-2016,H2,COT,Room rental for organising club officers training. 200 ron = 50 Euro,Venue rental,,
29-Jun-16,29-Jun-16,102.00,E7062,TR958B,Apr-2016,H2,Other,"I have delivered a leadership training for Toastmasters Satu Mare club, and traveled by car.",Travel,Car,300 km
29-Jun-16,29-Jun-16,50.00,E7014,MK520,May-2016,H2,Other,"Event organised for Toastmasters Radauti (prospect club), After the event the memebrship grew from 8 to 17",Venue rental,,
29-Jun-16,29-Jun-16,121.00,E7062,TR958B,May-2016,H2,Other,I have traveled from Brasov to Radauti to deliver a training for Toastmasters Radauti (prospect club) ,Travel,Car,356 km
24-Feb-16,24-Feb-16,46.10,E7072,MK511,Nov-2015,DD,Other,New club banner delivery and customs,Marketing,,
03-Jun-16,03-Jun-16,565.00,E7008,CO152,May-2016,SC95,Conference,"Marketing, trophies, banners",Marketing,,
29-Jun-16,29-Jun-16,897.50,E7014,ET703,May-2016,DD,Other,Sunday Boavista Hotel,Venue rental,,
29-Jun-16,29-Jun-16,384.40,E7022,CO152,May-2016,SC95,Conference,Sound system ,Communication,,
29-Jun-16,29-Jun-16,75.36,E7016,CO152,May-2016,SC95,Conference,Gala dinner table arrangements,Other,,
02-May-16,02-May-16,6860.00,E7016,CO152,May-2016,SC95,Speech contest,First payment for venue + gala dinner,Venue rental,,
27-Feb-16,27-Feb-16,59.00,E7020,CO151,Nov-2015,D95,Conference,Disrict conference booklet binding costs,Conference,,
27-Feb-16,27-Feb-16,12.00,E7020,CO151,Nov-2015,D95,Conference,Disrict conference booklet binding costs (only DPH portion),Conference,,
19-Apr-16,19-Apr-16,14.27,E7064,TR958A,Sep-2015,I1,DECM,taxi to hotel Wroclav,Travel,Train,720 km
19-Apr-16,19-Apr-16,49.64,E7062,TR958B,Jan-2016,I1,Club visit,Club Visit Salzburg 2x 146km,Travel,Car,146 km
21-May-16,21-May-16,42.50,E7062,TR958B,Jan-2016,I1,Club visit,Club Visit Kempten - prospected club,Travel,Car,125 km
21-May-16,21-May-16,234.26,E7062,TR958A,Feb-2016,I1,DECM,Travel cost fr DECM,Travel,Car,689 km
14-Jun-16,14-Jun-16,40.00,E7058,TR958A,Feb-2016,I1,DECM,Travel cost fr DECM,Lodging,,
14-Jun-16,14-Jun-16,10.00,E7058,TR958A,Feb-2016,I1,DECM,Travel cost for DECM Breakfast,Lodging,,
23-Mar-16,23-Mar-16,20.00,R6050,CO151,Nov-2015,PQD,Other,"Bought full standard package for 99 EUR, as contestant was entitled to 79 EUR.",Other,,
31-Mar-16,31-Mar-16,20.00,R6050,CO151,Nov-2015,D95,Other,"Prague Contestant, Paid 99 for full standard package, was entitled to 79 EUR",Other,,
02-May-16,02-May-16,40.00,E7058,TR958A,Feb-2016,F1,DECM,DECM Budapest (Hotel Leonardo: 2 overnight stay) ,Lodging,,
02-May-16,02-May-16,164.98,E7060,TR958A,Feb-2016,F1,DECM,DECM Budapest (Flight) ,Travel,Air,901 km
02-May-16,02-May-16,20.77,E7062,TR958A,Feb-2016,F1,DECM,DECM Budapest Febr. 2016 (Travel Home - Stuttgart Airport) ,Travel,Car,61.1 km
02-May-16,02-May-16,14.79,E7062,TR958B,Mar-2016,F1,Club visit,"Rednermanufaktur (1600517) - club visit 2. Total (down + back) 2x43,5 km (0.17 Euro/km)",Travel,Car,87.0 km
21-May-16,21-May-16,14.79,E7062,TR958B,Mar-2016,F1,Club visit,"Verdi Rhetorikklub (710988) - 2nd club visit. total (down + back) 2x43,5 km (0.17 Euro/km)",Travel,Car,87.0 km
21-May-16,21-May-16,5.20,E7062,TR958B,Mar-2016,F1,Club visit,"Heilbronn Toastmasters Club (3395328) - 2nd club visit. total (down + back) 15,3 km + 15,3 km (0.17 Euro/km)",Travel,Car,"15,3 km"
14-Jun-16,14-Jun-16,20.54,E7062,TR958B,Mar-2016,F1,Club visit,"Stuttgart Intl Club Böblingen (3658), 2nd club visit, total (down + back) 2 x 60,4 km ",Travel,Car,60.4 km
02-Feb-16,02-Feb-16,57.12,E7062,TR957B,Nov-2015,G0,Club visit,Area G2  Club Visit ,Travel,Car,168 km
02-Feb-16,02-Feb-16,14.61,E7020,MK520,Oct-2015,G0,Conference,Print  promotion CAP and Spring Conf for Div G Conference Tallinn,Marketing,,
29-Mar-16,29-Mar-16,44.50,E7020,MK520,Nov-2015,G0,Other,Printing - PR & Communication- Esbjerg Open meeting,Marketing,,
29-Mar-16,29-Mar-16,28.39,E7078,ET702,Jan-2016,G0,COT,"Snacks, coffee, fruits and printing training  materials",Refreshments,,
29-Mar-16,29-Mar-16,23.52,E7020,ET702,Jan-2016,G0,COT,"Snacks, coffee, fruits and printing training  materials",Refreshments,,
29-Mar-16,29-Mar-16,210.74,E7060,TR957A,Feb-2016,G0,DECM,Flight Billund-Amsterdam-Budapest-Amsterdam-Billund,Travel,Air,
29-Mar-16,29-Mar-16,32.06,E7062,TR957A,Feb-2016,G0,DECM,"Driving Home (05.02)- Billund Airport_Home (07.02) (16,92eur x 2 times)",Travel,Car,99.5 km
15-Jun-16,15-Jun-16,22.10,E7062,TR957B,Mar-2016,G0,Other,"driving from work (Haderslev) to Kolding TM demo meeting, parking and driving to Aarhus",Travel,Car,130 km
15-Jun-16,15-Jun-16,115.01,E7072,MK520,Apr-2016,G0,Other,Postdanmark for TI order90052222022-423.40USD,Other,,
15-Jun-16,15-Jun-16,91.36,E7072,MK520,Apr-2016,G0,Other,Postdanmark for TI order9005570975- 311.36USD,Other,,
30-Jun-16,30-Jun-16,411.84,E7006,MK520,Apr-2016,G0,Other,Marketing & Education Division G,Marketing,,
30-Jun-16,30-Jun-16,294.93,E7006,MK520,Apr-2016,G0,Other,Marketing & Education Division G,Marketing,,
30-Jun-16,30-Jun-16,59.55,E7062,TR957B,Apr-2016,G0,Club visit,"Travel by car: 167kmx2 (tur-retur)x0,17=56,78",Travel,Car,167 km
30-Jun-16,30-Jun-16,48.14,E7062,TR957B,Apr-2016,G0,Club visit,"ClubVisit: 135 km x 2 (tur-retur) x 0,17=45,90",Travel,Car,135 km
03-Jun-16,03-Jun-16,4161.60,E7014,CO152,May-2016,SC95,Conference,Venue Rental 2,Venue rental,,
12-Feb-16,12-Feb-16,334.78,E7060,TR962,Oct-2015,K0,Speech contest,Keynote Speaker flight  Ireland to Tallinn,Travel,Air,"3,207 km"
12-Feb-16,12-Feb-16,91.00,E7058,TR962,Oct-2015,K0,Speech contest,Keynote Speaker lodging in Tallinn,Lodging,,
26-Apr-16,26-Apr-16,100.00,E7014,ET300,Jan-2016,C0,TLI,7014 - room rentals (receipt # V-1509-1674-vs from garage berlin + proof of payment)),Venue rental,,
23-Mar-16,23-Mar-16,466.45,E7060,TR962,Mar-2016,PQD,Conference,Mohammed Qahtani Flight Ticket * 1/3,Travel,Air,
26-Apr-16,26-Apr-16,6.88,E7020,CO154,Oct-2015,L4,Conference,Area conference printing expenses,Conference,,
26-Apr-16,26-Apr-16,13.98,E7066,TR958B,Nov-2015,L4,Club visit,Club visit travel expenses (train + public transport),Travel,Other,168 km
26-Apr-16,26-Apr-16,43.94,E7066,TR958A,Feb-2016,L4,DECM,Train ticket to DECM,Travel,Train,242 km
26-Apr-16,26-Apr-16,106.00,E7014,ET704,Feb-2016,L4,DECM,Voice workshop - room rental,Venue rental,,
29-Jun-16,29-Jun-16,13.98,E7066,TR958B,May-2016,L4,Club visit,"Train ticket (2 pages, there and back) + public transport ticket",Travel,Train,171 km
29-Jun-16,29-Jun-16,49.25,E7020,MK520,May-2016,L4,Other,Printing expense - flyers,Marketing,,
29-Jun-16,29-Jun-16,40.65,E7020,MK520,May-2016,L4,Other,Printing expense - business cards,Marketing,,
30-Jun-16,30-Jun-16,32.15,E7020,CO151,Nov-2016,AC95,Conference,Leaflets promoting fall conference in Timisoara,Marketing,,
30-Jun-16,30-Jun-16,19.65,E7008,CO151,Nov-2016,AC95,Conference,Sweets promoting fall conference in Timisoara,Marketing,,
04-Feb-16,04-Feb-16,94.47,E7014,CO153,Oct-2015,C0,Conference,"Division C Conference - net loss income (room rentals, equipment, refreshments, awards, copies)",Conference,,
16-Mar-16,16-Mar-16,48.00,E7080,ET300,Jan-2016,C0,TLI,TLI-Meal-Event-Expense (TLI-Room-Rental is another Reimbursement-Request),Refreshments,,
16-Mar-16,16-Mar-16,50.00,E7078,ET300,Jan-2016,C0,TLI,TLI-Meal-Event-Expense (TLI-Room-Rental is another Reimbursement-Request),Refreshments,,
16-Mar-16,16-Mar-16,235.62,E7060,TR957A,Feb-2016,C0,DECM,Flight Division Director to DECM Budapest,Travel,Air,693 km
16-Mar-16,16-Mar-16,66.30,E7062,TR957B,Jan-2016,C0,TLI,Travel coast Division Director to TLI (in Travel-Budget calculated),Travel,Car,195 km
02-Feb-16,02-Feb-16,40.00,E7058,TR951,Nov-2015,DD,Conference,District 95 Conference,Lodging,,
02-Feb-16,02-Feb-16,80.00,E7058,TR951,Oct-2015,DD,Other,Hotel Div H and Div A conference visits 40 + 40 ,Lodging,,
02-Feb-16,02-Feb-16,27.88,E7060,TR951,Oct-2015,DD,Other,"Train Dusseldorf - Paderporn 0,17*164km",Travel,Train,164 km
14-Feb-16,14-Feb-16,146.32,E7034,CP603,Dec-2015,DD,Other,GoToMeeting subscription December and January,Communication,,
14-Feb-16,14-Feb-16,189.85,E7060,TR951,Jan-2016,DD,COT,COT in Ukraine,Travel,Air,"1,406 km"
14-Feb-16,14-Feb-16,138.35,E7060,TR951,Feb-2016,DD,DECM,DECM in Budapest,Travel,Air,"1,921 km"
14-Feb-16,14-Feb-16,159.56,E7060,TR958A,Feb-2016,DD,DECM,Area Director K1 flight ticket to Budapest E7060 - TR958B,Travel,Air,"1,922 km"
23-Mar-16,23-Mar-16,213.69,E7058,TR951,Jan-2016,DD,Other,District Leader Training - lodging 3 nights ,Travel,Other,"3,443 km"
23-Mar-16,23-Mar-16,213.69,E7058,TR952,Jan-2016,DD,Other,District Leader Training - lodging 3 nights ,Travel,Other,"3,443 km"
23-Mar-16,23-Mar-16,40.00,E7058,TR951,Jan-2016,DD,COT,"Hotel in Kiev for Ukrainian COT, paid in cash",Lodging,,
08-Apr-16,08-Apr-16,169.52,E7060,TR951,Mar-2016,DD,Conference,Airfare to visit Area K2 Toastmasters: Lithuania a new country,Travel,Air,688 km
08-Apr-16,08-Apr-16,265.41,E7060,TR951,Apr-2016,DD,Conference,Airfare to visit Division E Conference in Olsztyn. Flight to Gdansk,Travel,Air,"1,116 km"
08-Apr-16,08-Apr-16,371.49,E7060,TR951,Apr-2016,DD,Conference,Airfare to visit Division D Conference in Vienna,Travel,Air,"1,732 km"
08-Apr-16,08-Apr-16,219.48,E7034,CP603,Feb-2016,DD,Other,"GoToMeeting subscription February, March, April",Communication,,
03-Jun-16,03-Jun-16,220.16,E7060,TR951,May-2016,DD,Conference,District Conference ,Travel,Air,"1,921 km"
03-Jun-16,03-Jun-16,36.03,E7058,TR951,Apr-2016,DD,Conference,"Division E visit, hotel expense",Lodging,,
03-Jun-16,03-Jun-16,67.85,E7026,CP601,Apr-2016,K0,Other,Website Hosting 12 months,Other,,
26-Jun-16,26-Jun-16,25.69,E7072,MK511,Apr-2016,DD,Other,Customs and VAT for a new club banner,Marketing,,
26-Jun-16,26-Jun-16,40.00,E7058,TR951,Apr-2016,DD,Conference,Lodging in Vienna - Division D conference ,Lodging,,
26-Jun-16,26-Jun-16,40.00,E7058,TR951,May-2016,DD,Conference,Lodging in Timisoara - District Conference,Lodging,,
26-Jun-16,26-Jun-16,57.82,E7066,TR951,May-2016,DD,Conference,Bus Budapest-Timisoara and Timisoara-Budapest,Travel,Bus,316 km
26-Jun-16,26-Jun-16,180.73,E7072,AD900,May-2016,DD,Other,VAT and Tax for District Leader Name Badges AL E7072 RC AD900,Other,,
26-Jun-16,26-Jun-16,146.32,E7034,CP603,May-2016,DD,Other,GoToMeeting April and May AL E7034 RC CP603,Communication,,
29-Jun-16,29-Jun-16,380.00,E7078,ET703,Jun-2016,DD,Other,District Leader boot camp - Dinner 20 * 19 €,Refreshments,,
29-Jun-16,29-Jun-16,1108.70,E7058,TR963,Jun-2016,DD,Other,"District Leader boot camp - Lodging, Rest of the invoice",Lodging,,
29-Jun-16,29-Jun-16,14.00,E7062,TR963,Jun-2016,DD,Other,District Leader boot camp - Airport parking when picking up District Leaedrs,Travel,Other,21.0 km
12-Feb-16,12-Feb-16,75.00,E7014,MK512,Nov-2015,A1,Other,Demo Meeting_Hamburg International Speakers,Marketing,,
12-Feb-16,12-Feb-16,25.00,E7020,MK512,Nov-2015,A1,Other,Demo Meeting_Hamburg International Speakers,Marketing,,
12-Feb-16,12-Feb-16,40.00,E7012,MK512,Nov-2015,A1,Other,Demo Meeting_Hamburg International Speakers,Marketing,,
12-Feb-16,12-Feb-16,105.00,E7014,CO154,Oct-2015,A1,Speech contest,deficit - area conference A1 & A2,Conference,,
26-Apr-16,26-Apr-16,149.98,E7060,TR958A,Feb-2016,A1,DECM,Flightticket,Travel,Air,"1,167 km"
21-May-16,21-May-16,56.88,E7020,MK520,Mar-2016,A1,Other,Flyers for prospective club to get new members,Marketing,,
30-Jun-16,30-Jun-16,296.54,E7060,TR963,May-2016,A1,DECM,Travel to DECM TImisoara,Travel,Air,"1,464 km"
30-Jun-16,30-Jun-16,353.81,E7060,TR963,Jun-2016,A1,Other,Flight cost,Travel,Air,"1,470 km"
31-Mar-16,31-Mar-16,37.40,E7062,TR958B,Oct-2015,A2,Club visit,travel charges for club visit docs already send to Heikki,Travel,Car,109 km
31-Mar-16,31-Mar-16,119.98,E7060,TR958A,Feb-2016,A2,DECM,flight to Budapest,Travel,Air,"1,143 km"
21-May-16,21-May-16,21.08,E7062,TR958B,Feb-2016,A2,Club visit,travel to Luebeck,Travel,Car,124km
21-May-16,21-May-16,14.62,E7062,TR958B,Feb-2016,A2,Club visit,travel to Buxtehude,Travel,Car,55.0 km
21-May-16,21-May-16,5.78,E7062,TR958B,Feb-2016,A2,Club visit,travel to Hanseredner,Travel,Car,16.5 km
12-Feb-16,12-Feb-16,113.21,E7082,MK511,Jul-2015,DD,Other,New club banner usd 100 and shipping usd 22,Marketing,,
30-Jun-16,30-Jun-16,253.82,E7060,TR963,May-2016,DD,Other,Travel cost for incoming PR manager to DOT ,Travel,Air,"1,182 km"
30-Jun-16,30-Jun-16,40.00,E7058,TR963,May-2016,DD,Other,Lodging for incoming PR manager in Timisoara,Lodging,,
14-Feb-16,14-Feb-16,16.26,E7062,TR958B,Aug-2015,E0,Club visit,"DEMO meeting Grudziądz, travel",Travel,Car,95.7 km
14-Feb-16,14-Feb-16,19.89,E7062,TR958B,Aug-2015,E0,Club visit,"DEMO meeting Grudziądz, travel - way back",Travel,Car,117 km
14-Feb-16,14-Feb-16,4.86,E7062,TR958B,Sep-2015,E0,Club visit,"Club visit Sokrates, travel",Travel,Car,28.6 km
14-Feb-16,14-Feb-16,4.86,E7062,TR958B,Sep-2015,E0,Club visit,"Club visit Sokrates, travel  - way back",Travel,Car,28.6 km
14-Feb-16,14-Feb-16,19.72,E7062,TR958B,Oct-2015,E0,Club visit,"Club visit Grudziądz, travel  ",Travel,Car,116 km
14-Feb-16,14-Feb-16,19.89,E7062,TR958B,Oct-2015,E0,Club visit,"Club visit Grudziądz, travel  - way back",Travel,Car,117 km
14-Feb-16,14-Feb-16,4.76,E7062,TR958B,Oct-2015,E0,Club visit,"Club visit Bydgoszcz Professionals, travel",Travel,Car,28.0 km
14-Feb-16,14-Feb-16,4.76,E7062,TR958B,Oct-2015,E0,Club visit,"Club visit Bydgoszcz Professionals, travel -way back",Travel,Car,28.0 km
14-Feb-16,14-Feb-16,4.76,E7062,TR958B,Nov-2015,E0,Club visit,"Club visit Bydgoszcz TM, travel -",Travel,Car,28.0 km
14-Feb-16,14-Feb-16,4.76,E7062,TR958B,Nov-2015,E0,Club visit,"Club visit Bydgoszcz TM, travel - way back",Travel,Car,28.0 km
14-Feb-16,14-Feb-16,4.76,E7062,TR958B,Nov-2015,E0,Club visit,Club visit Bydgoszcz Professionals DEMO travel ,Travel,Car,28.0 km
14-Feb-16,14-Feb-16,4.76,E7062,TR958B,Nov-2015,E0,Club visit,Club visit Bydgoszcz Professionals DEMO travel - way back,Travel,Car,28.0 km
14-Feb-16,14-Feb-16,64.26,E7062,TR958A,Sep-2015,E0,DECM,DECm in Wroclaw Travel,Travel,Car,387 km
14-Feb-16,14-Feb-16,61.20,E7062,TR958A,Sep-2015,E0,DECM,DECm in Wroclaw Travel - way back,Travel,Car,360
21-May-16,21-May-16,11.20,E7026,CP604,Dec-2015,E0,Other,web page,Marketing,,
21-May-16,21-May-16,39.00,E7026,CP604,Feb-2016,E0,Other,web page part 2,Marketing,,
21-Jun-16,21-Jun-16,10.00,E7062,TR958B,Apr-2016,E0,Club visit,Club Visit Bydgoszcz,Travel,Car,29.2 km
21-Jun-16,21-Jun-16,10.00,E7062,TR958B,Apr-2016,E0,Club visit,Club Visit Toruń,Travel,Car,26.7 km
21-Jun-16,21-Jun-16,10.00,E7062,TR958B,Apr-2016,E0,Club visit,Club Visit Toruń,Travel,Car,26.7 km
21-Jun-16,21-Jun-16,117.13,E7014,CO154,Apr-2016,E0,Club coaching,Venue for E2 area contest,Venue rental,,
21-Jun-16,21-Jun-16,9.18,E7062,TR958B,Apr-2016,E0,Club visit,"E2 Area Director Club Visit Bydgoszcz (English Club, Roastmasters - both prospective)",Travel,Car,27.0 km
29-Jun-16,29-Jun-16,128.37,E7060,TR963,May-2016,E0,Conference,Travel to DCM,Travel,Air,"1,279 km"
29-Jun-16,29-Jun-16,10.20,E7062,TR958B,Apr-2016,E0,Club visit,"Club Visit, Bydgoszcz Proffesionals",Travel,Car,60
29-Jun-16,29-Jun-16,8.81,E7062,TR958B,May-2016,E0,Club visit,"Club Visit, Sokrates Torun",Travel,Car,25.9 km
29-Jun-16,29-Jun-16,9.09,E7062,TR958B,May-2016,E0,Club visit,"Club Visit, Sokrates Torun second time",Travel,Car,26.7 km
21-Jun-16,21-Jun-16,313.99,E7078,SC802,Apr-2016,FM,Speech contest,"Printing, trophies, finger food and gifts",Refreshments,,
12-Feb-16,12-Feb-16,19.12,E7080,CO151,Oct-2015,L5,Conference,Awards - cups,Awards,,
12-Feb-16,12-Feb-16,3.84,E7062,TR958A,Sep-2015,L5,DECM,Motorway toll - shared driving with Martin Huba and Tomas Brukner,Travel,Car,107 km
12-Feb-16,12-Feb-16,33.87,E7020,CO151,Oct-2015,L5,Conference,Materials Printing,Other,,
14-Feb-16,14-Feb-16,36.88,E7014,CO154,Oct-2015,L5,Conference,Conference Venue ,Venue rental,,
14-Feb-16,14-Feb-16,36.38,E7062,TR958B,Oct-2015,L5,Club visit,Area visit by car - 2 ways (Brno - Olomouc and back Olomouc - Brno),Travel,Car,107 km
31-Mar-16,31-Mar-16,36.88,E7014,MK520,Oct-2015,L5,Other,PR Campaign First Moravian TM - venue for the special event,Venue rental,,
31-Mar-16,31-Mar-16,336.00,E7006,MK520,Oct-2015,L5,Other,"District Shop Order for Area L5 (Marketing, PR, Education)",Other,,
21-May-16,21-May-16,76.00,E7066,TR958A,Feb-2016,L5,DECM,Return Train Ticket for Zuzana Figurova and Alexander Vladimirov,Travel,Train,
28-Jun-16,28-Jun-16,74.00,E7014,SC802,Mar-2016,L5,Conference,venue for Area L4 and L5 Conference,Venue rental,,
28-Jun-16,28-Jun-16,53.54,E7080,SC802,Mar-2016,L5,Conference,Awards and gifts for workshops,Awards,,
28-Jun-16,28-Jun-16,32.91,E7020,SC802,Mar-2016,L5,Conference,Printing and dataprojector,Other,,
28-Jun-16,28-Jun-16,28.54,E7014,SC802,Mar-2016,L5,Conference,venue - part 2 (missing in previous request for venue),Venue rental,,
